country,region,year,rain_mm,months
Colombia,Huila,2010,1864.5241298163266,12
Colombia,Huila,2011,2188.3490124285713,12
Colombia,Huila,2012,1550.026782489796,12
Colombia,Huila,2013,1542.9342165510204,12
Colombia,Huila,2014,1627.5319834489796,12
Colombia,Huila,2015,913.3462199183673,12
Colombia,Huila,2016,1355.2127449387756,12
Colombia,Huila,2017,1918.3588670612244,12
Colombia,Huila,2018,1466.324895897959,12
Colombia,Huila,2019,1572.290381010204,12
Colombia,Huila,2020,1436.638987244898,12
Colombia,Huila,2021,1632.220856265306,12
Colombia,Huila,2022,2201.0885296122447,12
Colombia,Huila,2023,1501.4957882653061,12
Ethiopia,Sidamo,2010,1482.6717909761903,12
Ethiopia,Sidamo,2011,1433.0678410119049,12
Ethiopia,Sidamo,2012,1319.3335818095238,12
Ethiopia,Sidamo,2013,1414.5456556619047,12
Ethiopia,Sidamo,2014,1445.1854850714285,12
Ethiopia,Sidamo,2015,1382.3671772619048,12
Ethiopia,Sidamo,2016,1283.2057832380951,12
Ethiopia,Sidamo,2017,1433.2875578690475,12
Ethiopia,Sidamo,2018,1646.9436419642857,12
Ethiopia,Sidamo,2019,1571.0472051190477,12
Ethiopia,Sidamo,2020,1498.2300822857144,12
Ethiopia,Sidamo,2021,1176.3140109761905,12
Ethiopia,Sidamo,2022,1169.3276233333333,12
Ethiopia,Sidamo,2023,1513.8031168571429,12
Mexico,Chiapas,2010,1574.3300621714286,12
Mexico,Chiapas,2011,1298.471145055102,12
Mexico,Chiapas,2012,1195.9894978836735,12
Mexico,Chiapas,2013,1319.3122787693878,12
Mexico,Chiapas,2014,1166.943282555102,12
Mexico,Chiapas,2015,932.2738855204082,12
Mexico,Chiapas,2016,996.796196232653,12
Mexico,Chiapas,2017,1172.4455218114285,12
Mexico,Chiapas,2018,904.2571438040816,12
Mexico,Chiapas,2019,1248.3411975653062,12
Mexico,Chiapas,2020,1265.879238902041,12
Mexico,Chiapas,2021,1230.9016679081633,12
Mexico,Chiapas,2022,1356.2013959061226,12
Mexico,Chiapas,2023,988.6627632693877,12
