year,temp_c,months,region,country
2010,18.558928,12,Huila,Colombia
2011,18.014044,12,Huila,Colombia
2012,17.796104,12,Huila,Colombia
2013,18.035927,12,Huila,Colombia
2014,17.965757,12,Huila,Colombia
2015,18.217775,12,Huila,Colombia
2016,18.61525,12,Huila,Colombia
2017,18.340446,12,Huila,Colombia
2018,18.13622,12,Huila,Colombia
2019,18.512589,12,Huila,Colombia
2020,19.017801,12,Huila,Colombia
2021,18.301023,12,Huila,Colombia
2022,18.229685,12,Huila,Colombia
2023,18.882141,12,Huila,Colombia
2010,14.515986,12,Sidamo,Ethiopia
2011,14.778401,12,Sidamo,Ethiopia
2012,14.679418,12,Sidamo,Ethiopia
2013,14.500119,12,Sidamo,Ethiopia
2014,14.401863,12,Sidamo,Ethiopia
2015,15.001477,12,Sidamo,Ethiopia
2016,14.822751,12,Sidamo,Ethiopia
2017,14.893199,12,Sidamo,Ethiopia
2018,14.430066,12,Sidamo,Ethiopia
2019,15.141887,12,Sidamo,Ethiopia
2020,14.673541,12,Sidamo,Ethiopia
2021,14.9435,12,Sidamo,Ethiopia
2022,14.886093,12,Sidamo,Ethiopia
2023,14.992213,12,Sidamo,Ethiopia
2010,19.389595,12,Chiapas,Mexico
2011,19.334032,12,Chiapas,Mexico
2012,19.350767,12,Chiapas,Mexico
2013,19.613909,12,Chiapas,Mexico
2014,19.47397,12,Chiapas,Mexico
2015,20.031195,12,Chiapas,Mexico
2016,19.996742,12,Chiapas,Mexico
2017,19.64428,12,Chiapas,Mexico
2018,19.708555,12,Chiapas,Mexico
2019,20.257614,12,Chiapas,Mexico
2020,19.900824,12,Chiapas,Mexico
2021,19.661425,12,Chiapas,Mexico
2022,19.401304,12,Chiapas,Mexico
2023,20.138632,12,Chiapas,Mexico
