time,precip,region,country
2010-01-01T00:00:00Z,80.29317036734693,Huila,Colombia
2010-02-01T00:00:00Z,119.9038528367347,Huila,Colombia
2010-03-01T00:00:00Z,107.26362812244898,Huila,Colombia
2010-04-01T00:00:00Z,208.0885142857143,Huila,Colombia
2010-05-01T00:00:00Z,216.3218475510204,Huila,Colombia
2010-06-01T00:00:00Z,84.80315791836735,Huila,Colombia
2010-07-01T00:00:00Z,161.48284379591837,Huila,Colombia
2010-08-01T00:00:00Z,37.94917073469388,Huila,Colombia
2010-09-01T00:00:00Z,70.9802370612245,Huila,Colombia
2010-10-01T00:00:00Z,183.7570006122449,Huila,Colombia
2010-11-01T00:00:00Z,358.86150224489796,Huila,Colombia
2010-12-01T00:00:00Z,234.81920428571428,Huila,Colombia
2011-01-01T00:00:00Z,114.20335536734693,Huila,Colombia
2011-02-01T00:00:00Z,206.1011812244898,Huila,Colombia
2011-03-01T00:00:00Z,203.09673857142857,Huila,Colombia
2011-04-01T00:00:00Z,274.2138481632653,Huila,Colombia
2011-05-01T00:00:00Z,202.30434061224489,Huila,Colombia
2011-06-01T00:00:00Z,136.52049285714284,Huila,Colombia
2011-07-01T00:00:00Z,76.94772402040816,Huila,Colombia
2011-08-01T00:00:00Z,33.498545285714286,Huila,Colombia
2011-09-01T00:00:00Z,63.611947959183674,Huila,Colombia
2011-10-01T00:00:00Z,242.2284324489796,Huila,Colombia
2011-11-01T00:00:00Z,347.61256448979594,Huila,Colombia
2011-12-01T00:00:00Z,288.0098414285714,Huila,Colombia
2012-01-01T00:00:00Z,260.16654469387754,Huila,Colombia
2012-02-01T00:00:00Z,124.4101338367347,Huila,Colombia
2012-03-01T00:00:00Z,182.54428489795916,Huila,Colombia
2012-04-01T00:00:00Z,214.48637061224488,Huila,Colombia
2012-05-01T00:00:00Z,47.60126679591837,Huila,Colombia
2012-06-01T00:00:00Z,54.892070510204086,Huila,Colombia
2012-07-01T00:00:00Z,40.02737720408163,Huila,Colombia
2012-08-01T00:00:00Z,33.323388959183674,Huila,Colombia
2012-09-01T00:00:00Z,28.970952224489796,Huila,Colombia
2012-10-01T00:00:00Z,166.2202024489796,Huila,Colombia
2012-11-01T00:00:00Z,179.81757112244898,Huila,Colombia
2012-12-01T00:00:00Z,217.56661918367345,Huila,Colombia
2013-01-01T00:00:00Z,86.01490275510204,Huila,Colombia
2013-02-01T00:00:00Z,191.7412706122449,Huila,Colombia
2013-03-01T00:00:00Z,157.54531040816326,Huila,Colombia
2013-04-01T00:00:00Z,136.73886457142856,Huila,Colombia
2013-05-01T00:00:00Z,177.12840469387754,Huila,Colombia
2013-06-01T00:00:00Z,74.78439681632653,Huila,Colombia
2013-07-01T00:00:00Z,61.85938028571428,Huila,Colombia
2013-08-01T00:00:00Z,69.06056959183672,Huila,Colombia
2013-09-01T00:00:00Z,63.03450553061224,Huila,Colombia
2013-10-01T00:00:00Z,122.03746046938777,Huila,Colombia
2013-11-01T00:00:00Z,216.41860061224492,Huila,Colombia
2013-12-01T00:00:00Z,186.57055020408163,Huila,Colombia
2014-01-01T00:00:00Z,135.50207697959183,Huila,Colombia
2014-02-01T00:00:00Z,193.57956918367347,Huila,Colombia
2014-03-01T00:00:00Z,305.6034932653061,Huila,Colombia
2014-04-01T00:00:00Z,107.84579518367347,Huila,Colombia
2014-05-01T00:00:00Z,167.05992681632654,Huila,Colombia
2014-06-01T00:00:00Z,79.14844528571429,Huila,Colombia
2014-07-01T00:00:00Z,36.12359520408163,Huila,Colombia
2014-08-01T00:00:00Z,51.28565836734694,Huila,Colombia
2014-09-01T00:00:00Z,39.22318857142857,Huila,Colombia
2014-10-01T00:00:00Z,124.557495,Huila,Colombia
2014-11-01T00:00:00Z,191.12411224489796,Huila,Colombia
2014-12-01T00:00:00Z,196.4786273469388,Huila,Colombia
2015-01-01T00:00:00Z,116.6865924489796,Huila,Colombia
2015-02-01T00:00:00Z,86.8286472244898,Huila,Colombia
2015-03-01T00:00:00Z,165.04463591836733,Huila,Colombia
2015-04-01T00:00:00Z,74.67251244897959,Huila,Colombia
2015-05-01T00:00:00Z,45.73359104081632,Huila,Colombia
2015-06-01T00:00:00Z,33.21701587755102,Huila,Colombia
2015-07-01T00:00:00Z,21.6175236122449,Huila,Colombia
2015-08-01T00:00:00Z,16.101335459183673,Huila,Colombia
2015-09-01T00:00:00Z,19.45646319387755,Huila,Colombia
2015-10-01T00:00:00Z,66.6737626734694,Huila,Colombia
2015-11-01T00:00:00Z,143.7658057142857,Huila,Colombia
2015-12-01T00:00:00Z,123.54833430612246,Huila,Colombia
2016-01-01T00:00:00Z,72.7192138367347,Huila,Colombia
2016-02-01T00:00:00Z,48.1947212244898,Huila,Colombia
2016-03-01T00:00:00Z,151.47781938775512,Huila,Colombia
2016-04-01T00:00:00Z,148.47997846938776,Huila,Colombia
2016-05-01T00:00:00Z,137.68560242857143,Huila,Colombia
2016-06-01T00:00:00Z,68.40377318367347,Huila,Colombia
2016-07-01T00:00:00Z,62.718263163265306,Huila,Colombia
2016-08-01T00:00:00Z,28.779926285714286,Huila,Colombia
2016-09-01T00:00:00Z,51.84835632653061,Huila,Colombia
2016-10-01T00:00:00Z,188.0030775510204,Huila,Colombia
2016-11-01T00:00:00Z,256.3929383673469,Huila,Colombia
2016-12-01T00:00:00Z,140.50907471428573,Huila,Colombia
2017-01-01T00:00:00Z,211.14594775510204,Huila,Colombia
2017-02-01T00:00:00Z,121.04511640816327,Huila,Colombia
2017-03-01T00:00:00Z,369.03934795918366,Huila,Colombia
2017-04-01T00:00:00Z,136.6818123877551,Huila,Colombia
2017-05-01T00:00:00Z,239.49200326530612,Huila,Colombia
2017-06-01T00:00:00Z,97.19423318367348,Huila,Colombia
2017-07-01T00:00:00Z,29.08194757142857,Huila,Colombia
2017-08-01T00:00:00Z,56.26284451020408,Huila,Colombia
2017-09-01T00:00:00Z,39.6007226122449,Huila,Colombia
2017-10-01T00:00:00Z,131.13438630612245,Huila,Colombia
2017-11-01T00:00:00Z,270.6581597959184,Huila,Colombia
2017-12-01T00:00:00Z,217.02234530612245,Huila,Colombia
2018-01-01T00:00:00Z,113.50648318367347,Huila,Colombia
2018-02-01T00:00:00Z,109.7968691632653,Huila,Colombia
2018-03-01T00:00:00Z,142.97757787755103,Huila,Colombia
2018-04-01T00:00:00Z,191.98834183673466,Huila,Colombia
2018-05-01T00:00:00Z,103.2943385510204,Huila,Colombia
2018-06-01T00:00:00Z,79.53898704081632,Huila,Colombia
2018-07-01T00:00:00Z,46.522173775510204,Huila,Colombia
2018-08-01T00:00:00Z,34.1789283877551,Huila,Colombia
2018-09-01T00:00:00Z,59.660385999999995,Huila,Colombia
2018-10-01T00:00:00Z,227.04874591836733,Huila,Colombia
2018-11-01T00:00:00Z,287.59360061224487,Huila,Colombia
2018-12-01T00:00:00Z,70.2184635510204,Huila,Colombia
2019-01-01T00:00:00Z,97.27568175510204,Huila,Colombia
2019-02-01T00:00:00Z,114.2617386734694,Huila,Colombia
2019-03-01T00:00:00Z,209.50897448979592,Huila,Colombia
2019-04-01T00:00:00Z,180.53629795918366,Huila,Colombia
2019-05-01T00:00:00Z,198.43577244897958,Huila,Colombia
2019-06-01T00:00:00Z,58.76443891836735,Huila,Colombia
2019-07-01T00:00:00Z,33.601527591836735,Huila,Colombia
2019-08-01T00:00:00Z,19.188367928571427,Huila,Colombia
2019-09-01T00:00:00Z,53.97228389795919,Huila,Colombia
2019-10-01T00:00:00Z,137.81403102040818,Huila,Colombia
2019-11-01T00:00:00Z,270.49312489795915,Huila,Colombia
2019-12-01T00:00:00Z,198.43814142857144,Huila,Colombia
2020-01-01T00:00:00Z,110.0383854489796,Huila,Colombia
2020-02-01T00:00:00Z,118.2216998367347,Huila,Colombia
2020-03-01T00:00:00Z,140.82793195918367,Huila,Colombia
2020-04-01T00:00:00Z,86.11885551020407,Huila,Colombia
2020-05-01T00:00:00Z,117.12100285714286,Huila,Colombia
2020-06-01T00:00:00Z,94.69684555102042,Huila,Colombia
2020-07-01T00:00:00Z,99.02685918367347,Huila,Colombia
2020-08-01T00:00:00Z,73.42500832653062,Huila,Colombia
2020-09-01T00:00:00Z,47.83054722448979,Huila,Colombia
2020-10-01T00:00:00Z,97.04492440816327,Huila,Colombia
2020-11-01T00:00:00Z,260.61396836734696,Huila,Colombia
2020-12-01T00:00:00Z,191.67295857142855,Huila,Colombia
2021-01-01T00:00:00Z,68.04227524489797,Huila,Colombia
2021-02-01T00:00:00Z,145.82979224489796,Huila,Colombia
2021-03-01T00:00:00Z,229.5771818367347,Huila,Colombia
2021-04-01T00:00:00Z,158.86279551020408,Huila,Colombia
2021-05-01T00:00:00Z,172.80879081632654,Huila,Colombia
2021-06-01T00:00:00Z,133.0378332857143,Huila,Colombia
2021-07-01T00:00:00Z,32.68931120408163,Huila,Colombia
2021-08-01T00:00:00Z,87.21228689795917,Huila,Colombia
2021-09-01T00:00:00Z,39.63620310204082,Huila,Colombia
2021-10-01T00:00:00Z,182.6118524489796,Huila,Colombia
2021-11-01T00:00:00Z,240.91690836734693,Huila,Colombia
2021-12-01T00:00:00Z,140.99562530612246,Huila,Colombia
2022-01-01T00:00:00Z,137.36285634693877,Huila,Colombia
2022-02-01T00:00:00Z,266.4497363265306,Huila,Colombia
2022-03-01T00:00:00Z,285.9858989795918,Huila,Colombia
2022-04-01T00:00:00Z,116.9379973877551,Huila,Colombia
2022-05-01T00:00:00Z,123.76447097959183,Huila,Colombia
2022-06-01T00:00:00Z,162.71589734693876,Huila,Colombia
2022-07-01T00:00:00Z,102.23795681632653,Huila,Colombia
2022-08-01T00:00:00Z,38.61268253061225,Huila,Colombia
2022-09-01T00:00:00Z,128.7517726734694,Huila,Colombia
2022-10-01T00:00:00Z,446.9494957142857,Huila,Colombia
2022-11-01T00:00:00Z,270.5247567346939,Huila,Colombia
2022-12-01T00:00:00Z,120.7950077755102,Huila,Colombia
2023-01-01T00:00:00Z,213.02324714285714,Huila,Colombia
2023-02-01T00:00:00Z,92.10940834693878,Huila,Colombia
2023-03-01T00:00:00Z,326.40919142857143,Huila,Colombia
2023-04-01T00:00:00Z,148.91682224489796,Huila,Colombia
2023-05-01T00:00:00Z,108.60606132653061,Huila,Colombia
2023-06-01T00:00:00Z,44.9310155510204,Huila,Colombia
2023-07-01T00:00:00Z,39.8233093877551,Huila,Colombia
2023-08-01T00:00:00Z,45.45156995918368,Huila,Colombia
2023-09-01T00:00:00Z,21.384479326530613,Huila,Colombia
2023-10-01T00:00:00Z,118.21860212244897,Huila,Colombia
2023-11-01T00:00:00Z,148.48556244897958,Huila,Colombia
2023-12-01T00:00:00Z,194.13651897959184,Huila,Colombia
